"","T","rho_v","P_v"
"1",-10,2.3594976402587,0.286560344284698
"2",-9,2.5429047882941,0.310008700904023
"3",-8,2.73878413394163,0.335152608089915
"4",-7,2.94785473552803,0.362097659476317
"5",-6,3.17086893117612,0.390954879404135
"6",-5,3.40861343605564,0.421840935511004
"7",-4,3.66191045576719,0.454878356363545
"8",-3,3.93161881532109,0.490195754117083
"9",-2,4.21863510314376,0.527928052182272
"10",-1,4.52389482951733,0.568216717872464
"11",0,4.84837359882981,0.61121
"12",1,5.19308829498695,0.657063171383918
"13",2,5.55909827931016,0.705938776225809
"14",3,5.94750660021929,0.758006882304791
"15",4,6.35946121397386,0.813445337936764
"16",5,6.79615621572209,0.872440033637292
"17",6,7.25883308008315,0.935185168421636
"18",7,7.74878191046531,1.00188352066966
"19",8,8.26734269630058,1.07274672347745
"20",9,8.81590657735492,1.14799554441181
"21",10,9.39591711425293,1.22786016957787
"22",11,10.0088715643364,1.31258049190449
"23",12,10.656322161957,1.40240640354617
"24",13,11.3398774022871,1.49759809229497
"25",14,12.061203327714,1.59842634188976
"26",15,12.8220248158692,1.70517283610521
"27",16,13.6241268683288,1.81813046649696
"28",17,14.4693558990073,1.9376036436744
"29",18,15.359621021255,2.06390861196701
"30",19,16.296895332658,2.19737376734498
"31",20,17.2832171965292,2.33833997845002
"32",21,18.320691519069,2.48716091058684
"33",22,19.4114910211671,2.64420335252139
"34",23,20.5578575038096,2.80984754592677
"35",24,21.7621031060495,2.9844875173134
"36",25,23.0266115544944,3.16853141227543
"37",26,24.3538394032608,3.36240183188093
"38",27,25.7463172633441,3.56653617102941
"39",28,27.2066510203488,3.78138695859594
"40",29,28.7375230395262,4.00742219917737
"41",30,30.3416933570671,4.24512571625229
"42",31,32.0220008565976,4.49499749656293
"43",32,33.7813644298325,4.7575540355236
"44",33,35.6227841203409,5.03332868345718
"45",34,37.5493422493893,5.322871992458
"46",35,39.5642045228278,5.62675206367655
"47",36,41.6706211179995,5.94555489481883
"48",37,43.8719277496559,6.27988472765051
"49",38,46.1715467138743,6.63036439529368
"50",39,48.5729879089828,6.99763566910213
"51",40,51.0798498325113,7.38235960489861
